{"cameraMode":{"drawMode":0,"name":"Shaded","section":"Shading Mode"},"sceneLighting":true,"audioPlay":false,"sceneViewState":{"m_AlwaysRefresh":false,"showFog":true,"showSkybox":true,"showFlares":true,"showImageEffects":true,"showParticleSystems":true,"showVisualEffectGraphs":true,"m_FxEnabled":true},"in2DMode":false,"pivot":{"x":2.723583221435547,"y":0.16547250747680665,"z":-3.129117965698242},"rotation":{"x":0.09159199148416519,"y":-0.7450969219207764,"z":0.10462003201246262,"w":0.6523047685623169},"size":4.788910388946533,"orthographic":false}